<?xml version="1.0" encoding="utf-8" ?>
<dwsync>
<file name="fancybox.png" server="G:/wamp/" local="130401827920000000" remote="130401827920000000" />
<file name="blank.gif" server="G:/wamp/" local="130401827960000000" remote="130401827960000000" />
<file name="fancybox-x.png" server="G:/wamp/" local="130401827920000000" remote="130401827920000000" />
<file name="fancybox-y.png" server="G:/wamp/" local="130401827920000000" remote="130401827920000000" />
<file name="fancy_title_over.png" server="G:/wamp/" local="130401827940000000" remote="130401827940000000" />
<file name="jquery.fancybox-1.3.4.css" server="G:/wamp/" local="130401827920000000" remote="130401827920000000" />
<file name="jquery.fancybox-1.3.4.js" server="G:/wamp/" local="130401827920000000" remote="130401827920000000" />
<file name="jquery.mousewheel-3.0.4.pack.js" server="G:/wamp/" local="130401827900000000" remote="130401827900000000" />
<file name="fancybox.png" server="G:/wamp/www/py/" local="130401827920000000" remote="130401827920000000" />
<file name="blank.gif" server="G:/wamp/www/py/" local="130401827960000000" remote="130401827960000000" />
<file name="fancybox-x.png" server="G:/wamp/www/py/" local="130401827920000000" remote="130401827920000000" />
<file name="fancybox-y.png" server="G:/wamp/www/py/" local="130401827920000000" remote="130401827920000000" />
<file name="fancy_title_over.png" server="G:/wamp/www/py/" local="130401827940000000" remote="130401827940000000" />
<file name="jquery.fancybox-1.3.4.css" server="G:/wamp/www/py/" local="130401827920000000" remote="130401827920000000" />
<file name="jquery.fancybox-1.3.4.js" server="G:/wamp/www/py/" local="130401827920000000" remote="130401827920000000" />
<file name="jquery.mousewheel-3.0.4.pack.js" server="G:/wamp/www/py/" local="130401827900000000" remote="130401827900000000" />
</dwsync>